{
  "delta_angle[0]_f124": {
    "mean": -1.6932672548823897e-05,
    "std": 0.0015151504233701014,
    "min": -0.006968715,
    "max": 0.006078938,
    "median": -3.4081266e-05,
    "p1": -0.0038872967599999997,
    "p99": 0.004115921359999999
  },
  "delta_angle[1]_f124": {
    "mean": 0.0003436499600782581,
    "std": 0.0007031727851934318,
    "min": -0.0014756575,
    "max": 0.0036238104,
    "median": 0.00019352444,
    "p1": -0.0009216898964,
    "p99": 0.0027499511039999996
  },
  "delta_angle[2]_f124": {
    "mean": 0.0001103058737535283,
    "std": 0.001155831399747165,
    "min": -0.0035373562,
    "max": 0.0038101757,
    "median": 7.645727e-05,
    "p1": -0.002738732476,
    "p99": 0.0028488017679999993
  },
  "delta_velocity[0]_f124": {
    "mean": 0.0011579923320489509,
    "std": 0.005036917762270114,
    "min": -0.0134843895,
    "max": 0.017805912,
    "median": 0.0016493448,
    "p1": -0.01102326008,
    "p99": 0.01159334911999999
  },
  "delta_velocity[1]_f124": {
    "mean": -0.0003490404862399873,
    "std": 0.004778077487570892,
    "min": -0.016354546,
    "max": 0.014906619,
    "median": -0.000616247,
    "p1": -0.011025114499999999,
    "p99": 0.011642458679999995
  },
  "delta_velocity[2]_f124": {
    "mean": -0.051658875212525684,
    "std": 0.012825447870523924,
    "min": -0.115856715,
    "max": 1.4776971e-06,
    "median": -0.050666902,
    "p1": -0.0904778804,
    "p99": -0.022892878960000012
  },
  "mag_field[0]_f49": {
    "mean": -0.0005306268297972028,
    "std": 0.014034575854648896,
    "min": -0.053557307,
    "max": 0.05575099,
    "median": -0.00034581724,
    "p1": -0.03471884096,
    "p99": 0.035159051
  },
  "mag_field[1]_f49": {
    "mean": -0.000350390280343293,
    "std": 0.005221496805714435,
    "min": -0.018315464,
    "max": 0.020400494,
    "median": 4.5642257e-05,
    "p1": -0.013074169719999999,
    "p99": 0.011766070079999991
  },
  "mag_field[2]_f49": {
    "mean": 0.0005876662167768596,
    "std": 0.021009183729532463,
    "min": -0.06730232,
    "max": 0.090262026,
    "median": 4.053116e-06,
    "p1": -0.0515533918,
    "p99": 0.05525850519999992
  },
  "indicated_airspeed_m_s_f5": {
    "mean": 23.87260752320407,
    "std": 2.53463185027878,
    "min": 17.053782,
    "max": 31.07596,
    "median": 23.888416,
    "p1": 17.936666,
    "p99": 29.59787
  },
  "baro_alt_meter_f117": {
    "mean": -111.00242335410046,
    "std": 25.670998354979265,
    "min": -164.997,
    "max": -59.50504,
    "median": -111.47946,
    "p1": -164.277238,
    "p99": -62.202527360000005
  },
  "differential_pressure_pa_f15": {
    "mean": 360.55830371265097,
    "std": 72.48115655312026,
    "min": 153.39868,
    "max": 584.73755,
    "median": 358.81622,
    "p1": 209.59424,
    "p99": 534.6982119999999
  },
  "x_f58": {
    "mean": 226.9126310616656,
    "std": 135.33491046663863,
    "min": 10.953493,
    "max": 447.98907,
    "median": 225.5089,
    "p1": 13.3935452,
    "p99": 444.9158228
  },
  "y_f58": {
    "mean": 61.2632369936173,
    "std": 275.2354795630861,
    "min": -565.9117,
    "max": 494.13467,
    "median": 87.57086,
    "p1": -540.57144,
    "p99": 487.4476472
  },
  "z_f58": {
    "mean": -78.157739813096,
    "std": 21.137128774778656,
    "min": -122.83424,
    "max": -38.101486,
    "median": -74.172,
    "p1": -119.2254364,
    "p99": -42.585826280000006
  }
}