{
  "HPE_mean": 4.261308193206787,
  "HPE_median": 1.6015968322753906,
  "HPE_p95": 15.873824119567871,
  "3DE_mean": 4.306093215942383,
  "3DE_median": 1.6496808528900146,
  "RMSE_north": 4.1495280265808105,
  "RMSE_east": 5.338887691497803,
  "RMSE_up": 0.4035310447216034,
  "RMSE_3D": 3.910886526107788,
  "MAE_north": 2.358886241912842,
  "MAE_east": 3.094794750213623,
  "MAE_up": 0.3063226342201233,
  "n_samples": 2470
}