{
  "HPE_mean": 5.230047225952148,
  "HPE_median": 2.1591386795043945,
  "HPE_p95": 15.82927417755127,
  "3DE_mean": 5.279306411743164,
  "RMSE_north": 4.263606548309326,
  "RMSE_east": 6.385485649108887,
  "RMSE_up": 0.4653049111366272,
  "RMSE_3D": 4.44106912612915,
  "test_samples": 2470
}