{
  "HPE_mean": 4.387257099151611,
  "HPE_median": 1.6781957149505615,
  "HPE_p95": 15.875033378601074,
  "3DE_mean": 4.434296131134033,
  "3DE_median": 1.7180109024047852,
  "RMSE_north": 4.122877597808838,
  "RMSE_east": 5.505114555358887,
  "RMSE_up": 0.4257964789867401,
  "RMSE_3D": 3.978513240814209,
  "MAE_north": 2.356727361679077,
  "MAE_east": 3.2481443881988525,
  "MAE_up": 0.32370248436927795,
  "test_samples": 2470
}