{
  "HPE_mean": 5.374849796295166,
  "HPE_median": 3.9121243953704834,
  "HPE_p95": 13.838364601135254,
  "3DE_mean": 5.414645195007324,
  "RMSE_north": 4.22774600982666,
  "RMSE_east": 5.41060733795166,
  "RMSE_up": 0.4718265235424042,
  "RMSE_3D": 3.973710536956787,
  "test_samples": 2470
}