{
  "HPE_mean": 8.551464080810547,
  "HPE_median": 8.418066024780273,
  "HPE_p95": 10.595077514648438,
  "3DE_mean": 8.573861122131348,
  "3DE_median": 8.448007583618164,
  "RMSE_north": 5.281215667724609,
  "RMSE_east": 6.873092174530029,
  "RMSE_up": 0.6139748096466064,
  "RMSE_3D": 5.016890048980713,
  "MAE_north": 4.216126441955566,
  "MAE_east": 6.349681377410889,
  "MAE_up": 0.46984219551086426,
  "n_samples": 2470
}