{
  "HPE_mean": 4.124495506286621,
  "HPE_median": 1.5494168996810913,
  "HPE_p95": 15.319828987121582,
  "3DE_mean": 4.165503025054932,
  "3DE_median": 1.5888118743896484,
  "RMSE_north": 3.6144862174987793,
  "RMSE_east": 5.487964153289795,
  "RMSE_up": 0.36582183837890625,
  "RMSE_3D": 3.7998297214508057,
  "MAE_north": 2.0432708263397217,
  "MAE_east": 3.156890392303467,
  "MAE_up": 0.28342145681381226,
  "n_samples": 2470
}