{
  "GRU": {
    "10s": {
      "mean_hpe_m": 49.41508553967331,
      "median_hpe_m": 23.640796661376953,
      "n": 66
    },
    "30s": {
      "mean_hpe_m": 116.48976073120579,
      "median_hpe_m": 51.757307052612305,
      "n": 66
    },
    "60s": {
      "mean_hpe_m": 190.60508313323513,
      "median_hpe_m": 154.25521850585938,
      "n": 66
    }
  },
  "LSTM": {
    "10s": {
      "mean_hpe_m": 63.24206278902112,
      "median_hpe_m": 24.260706901550293,
      "n": 66
    },
    "30s": {
      "mean_hpe_m": 146.29923141363895,
      "median_hpe_m": 89.22843551635742,
      "n": 66
    },
    "60s": {
      "mean_hpe_m": 198.8002783421314,
      "median_hpe_m": 149.4086685180664,
      "n": 66
    }
  },
  "Dead Reckoning": {
    "10s": {
      "mean_hpe_m": 153.85995148167467,
      "median_hpe_m": 149.75794982910156,
      "n": 66
    },
    "30s": {
      "mean_hpe_m": 296.6183379202178,
      "median_hpe_m": 303.4518585205078,
      "n": 66
    },
    "60s": {
      "mean_hpe_m": 237.52468733354047,
      "median_hpe_m": 231.95191192626953,
      "n": 66
    }
  }
}