{
  "GRU|0.2|10s": {
    "mean": 51.049773237921976,
    "median": 25.359532356262207,
    "p95": 162.97583236694337,
    "n_flights": 22
  },
  "LSTM|0.2|10s": {
    "mean": 72.12201435999437,
    "median": 31.972254753112793,
    "p95": 289.1099090576172,
    "n_flights": 22
  },
  "Ensemble|0.2|10s": {
    "mean": 55.55044701424512,
    "median": 26.558688163757324,
    "p95": 188.26942749023434,
    "n_flights": 22
  },
  "DR|0.2|10s": {
    "mean": 152.27862583507192,
    "median": 149.32624053955078,
    "p95": 180.91361083984376,
    "n_flights": 22
  },
  "GRU|0.2|30s": {
    "mean": 95.35019688172774,
    "median": 40.804691314697266,
    "p95": 284.68417205810545,
    "n_flights": 22
  },
  "LSTM|0.2|30s": {
    "mean": 122.42893297022039,
    "median": 40.13122749328613,
    "p95": 513.2494964599609,
    "n_flights": 22
  },
  "Ensemble|0.2|30s": {
    "mean": 99.41421305049549,
    "median": 36.21413612365723,
    "p95": 321.621403503418,
    "n_flights": 22
  },
  "DR|0.2|30s": {
    "mean": 437.74000549316406,
    "median": 433.7230987548828,
    "p95": 494.78835144042966,
    "n_flights": 22
  },
  "GRU|0.2|60s": {
    "mean": 166.09782782467929,
    "median": 156.21163940429688,
    "p95": 364.3688110351562,
    "n_flights": 22
  },
  "LSTM|0.2|60s": {
    "mean": 262.9298038482666,
    "median": 330.8110046386719,
    "p95": 568.6496368408203,
    "n_flights": 22
  },
  "Ensemble|0.2|60s": {
    "mean": 185.2322366020896,
    "median": 208.85653686523438,
    "p95": 384.5173538208008,
    "n_flights": 22
  },
  "DR|0.2|60s": {
    "mean": 217.13746955178001,
    "median": 183.9156723022461,
    "p95": 357.22016296386715,
    "n_flights": 22
  },
  "GRU|0.2|Tum": {
    "mean": 455.4840983477506,
    "median": 434.7737579345703,
    "p95": 908.7821258544922,
    "n_flights": 22
  },
  "LSTM|0.2|Tum": {
    "mean": 639.9800089055842,
    "median": 662.8293151855469,
    "p95": 1195.528369140625,
    "n_flights": 22
  },
  "Ensemble|0.2|Tum": {
    "mean": 492.935582594438,
    "median": 549.6288299560547,
    "p95": 946.4129943847655,
    "n_flights": 22
  },
  "DR|0.2|Tum": {
    "mean": 399.740253795277,
    "median": 389.6478271484375,
    "p95": 460.3164428710937,
    "n_flights": 22
  },
  "GRU|0.4|10s": {
    "mean": 64.01660539887168,
    "median": 18.40792942047119,
    "p95": 191.53086471557617,
    "n_flights": 22
  },
  "LSTM|0.4|10s": {
    "mean": 100.98490938273343,
    "median": 22.242448806762695,
    "p95": 302.884944152832,
    "n_flights": 22
  },
  "Ensemble|0.4|10s": {
    "mean": 72.24981743639165,
    "median": 16.430506229400635,
    "p95": 218.49576110839843,
    "n_flights": 22
  },
  "DR|0.4|10s": {
    "mean": 185.36898734352806,
    "median": 189.5320816040039,
    "p95": 209.6280876159668,
    "n_flights": 22
  },
  "GRU|0.4|30s": {
    "mean": 108.76006937026978,
    "median": 64.23549842834473,
    "p95": 255.09798736572264,
    "n_flights": 22
  },
  "LSTM|0.4|30s": {
    "mean": 133.55694603919983,
    "median": 153.2380828857422,
    "p95": 304.89686737060543,
    "n_flights": 22
  },
  "Ensemble|0.4|30s": {
    "mean": 106.9680094502189,
    "median": 64.67519187927246,
    "p95": 247.20365829467772,
    "n_flights": 22
  },
  "DR|0.4|30s": {
    "mean": 159.95788088711825,
    "median": 142.42697143554688,
    "p95": 238.44057083129883,
    "n_flights": 22
  },
  "GRU|0.4|60s": {
    "mean": 189.81473471901634,
    "median": 71.5009880065918,
    "p95": 739.2254302978515,
    "n_flights": 22
  },
  "LSTM|0.4|60s": {
    "mean": 178.63306825811213,
    "median": 115.01938247680664,
    "p95": 535.5491455078125,
    "n_flights": 22
  },
  "Ensemble|0.4|60s": {
    "mean": 179.34084502133456,
    "median": 61.95145797729492,
    "p95": 655.6512512207031,
    "n_flights": 22
  },
  "DR|0.4|60s": {
    "mean": 206.12434525923297,
    "median": 205.98974609375,
    "p95": 257.07653427124023,
    "n_flights": 22
  },
  "GRU|0.4|Tum": {
    "mean": 371.5974460081621,
    "median": 335.8103790283203,
    "p95": 864.5789764404295,
    "n_flights": 22
  },
  "LSTM|0.4|Tum": {
    "mean": 496.79860843311656,
    "median": 267.7356414794922,
    "p95": 1052.7777282714844,
    "n_flights": 22
  },
  "Ensemble|0.4|Tum": {
    "mean": 394.79696464538574,
    "median": 391.8534240722656,
    "p95": 887.3389648437499,
    "n_flights": 22
  },
  "DR|0.4|Tum": {
    "mean": 237.24532664905894,
    "median": 239.00244140625,
    "p95": 282.74376220703124,
    "n_flights": 22
  },
  "GRU|0.6|10s": {
    "mean": 28.83881948752837,
    "median": 15.613991260528564,
    "p95": 73.19213333129882,
    "n_flights": 22
  },
  "LSTM|0.6|10s": {
    "mean": 18.8196125572378,
    "median": 17.678486824035645,
    "p95": 37.57348461151123,
    "n_flights": 22
  },
  "Ensemble|0.6|10s": {
    "mean": 25.82400928844105,
    "median": 16.673733711242676,
    "p95": 65.80227527618408,
    "n_flights": 22
  },
  "DR|0.6|10s": {
    "mean": 115.08363342285156,
    "median": 112.65729141235352,
    "p95": 134.18606491088866,
    "n_flights": 22
  },
  "GRU|0.6|30s": {
    "mean": 141.15287134864113,
    "median": 149.73416137695312,
    "p95": 326.19657592773433,
    "n_flights": 22
  },
  "LSTM|0.6|30s": {
    "mean": 137.6900945143266,
    "median": 47.374027252197266,
    "p95": 350.113786315918,
    "n_flights": 22
  },
  "Ensemble|0.6|30s": {
    "mean": 136.69589613784444,
    "median": 128.0835304260254,
    "p95": 332.5393783569336,
    "n_flights": 22
  },
  "DR|0.6|30s": {
    "mean": 281.94390591708094,
    "median": 283.77655029296875,
    "p95": 293.3673889160156,
    "n_flights": 22
  },
  "GRU|0.6|60s": {
    "mean": 216.02550849047574,
    "median": 258.62633514404297,
    "p95": 441.9364044189453,
    "n_flights": 22
  },
  "LSTM|0.6|60s": {
    "mean": 135.24494474584407,
    "median": 116.39236450195312,
    "p95": 301.0305999755859,
    "n_flights": 22
  },
  "Ensemble|0.6|60s": {
    "mean": 183.3157242861661,
    "median": 233.23434448242188,
    "p95": 361.6075759887695,
    "n_flights": 22
  },
  "DR|0.6|60s": {
    "mean": 220.3954120982777,
    "median": 220.8299102783203,
    "p95": 265.9341522216797,
    "n_flights": 22
  },
  "GRU|0.6|Tum": {
    "mean": 334.8090722994371,
    "median": 241.2275161743164,
    "p95": 825.3567474365233,
    "n_flights": 22
  },
  "LSTM|0.6|Tum": {
    "mean": 470.6895406896418,
    "median": 257.72452545166016,
    "p95": 1034.679541015625,
    "n_flights": 22
  },
  "Ensemble|0.6|Tum": {
    "mean": 364.68143796920776,
    "median": 306.08302307128906,
    "p95": 842.0669647216796,
    "n_flights": 22
  },
  "DR|0.6|Tum": {
    "mean": 415.83847600763494,
    "median": 423.25457763671875,
    "p95": 464.4205352783203,
    "n_flights": 22
  }
}